{
  "total_records": 1458644,
  "removed_records": {
    "missing_values": 0,
    "duplicates": 0,
    "invalid_coordinates": 998,
    "invalid_duration": 29384,
    "invalid_passengers": 18
  },
  "suspicious_records": [],
  "statistics": {
    "final_record_count": 1420521,
    "records_removed": 38123,
    "removal_percentage": 2.61,
    "trip_duration": {
      "mean": 800.8405373802992,
      "median": 657.0,
      "std": 550.2636454305633
    },
    "trip_distance": {
      "mean": 3.285110800917417,
      "median": 2.089999284148265,
      "std": 3.5340565185369375
    },
    "trip_speed": {
      "mean": 14.450115270555909,
      "median": 12.814631921232834,
      "std": 7.621423804409083
    }
  }
}